,0
0,우르오스 스킨로션 200ml
1,우르오스 스킨밀크 200ml
2,[대용량] 라운드랩 1025 독도 토너 (본품500ml+100ml 추가 증정)
3,에스트라 아토베리어365 로션 150ml 기획 (+하이드로에센스 25ml+무기자차선크림10ml 증정)(2305)
4,[단독기획] 토리든 다이브인 저분자 히알루론산 토너 300ml 기획(+100ml 추가 증정)
5,[시카보다 4배*강한] 한율 어린쑥 수분진정 2종세트(토너150ml+플루이드125ml)
6,[하트괄사증정] 바이오힐보 프로바이오덤 리프팅 크림 X 콜라겐 세럼 기획
7,[5월올영픽][1+1기획] 구달 맑은 어성초 진정 수분 토너 300ml 기획(+300ml 리필)
8,[선물 기획] 바이오힐보 프로바이오덤 리페어 스킨&에멀전 2종 기획 (크림 10mL+아이크림 10mL 증정)
9,[증량] 더랩바이블랑두 저분자 히알루론산 토너(본품500ml+100ml 추가 증정)
10,[한정특가] 피지오겔 DMT로션 200ml+50ml 기획
11,[선착순 25ml * 2개 추가증정] 라네즈 크림스킨 170ml 기획 (+50ml 증정)
12,라운드랩 자작나무 수분 토너 1+1 기획 (300ml+300ml)
13,라운드랩 1025 독도 토너 (본품200ml+50ml 추가 증정)
14,트러블레스 마일드 클리어 토너 에센스 200ml
15,[증량] 닥터지 레드 블레미쉬 클리어 수딩 토너 500ml
16,닥터지 레드 블레미쉬 포 맨 올인원 플루이드 150ml+75ml 기획
17,아이디얼포맨 시카올인원 기획 (본품150ml+50ml 증정)
18,[선착순 5종키트 증정]라네즈옴므 블루에너지 2종 기획 (미니어처 2종 포함)
19,라운드랩 포 맨 자작나무 수분 로션 200ml
20,[시카보다 4배*강한] 한율 어린쑥 수분진정 토너 150ml+50ml 기획
21,[디렉터파이 Pick] 아비브 어성초 카밍 토너 스킨부스터
22,[단독기획] 넘버즈인 3번 결광가득 에센스 토너 300ml 대용량 기획
23,라끄베르 옴므 리차지 올인원 에센스 1+1 기획
24,랩시리즈 데일리 레스큐 워터 로션 200ml 기획세트 (30ml*3 증정)
25,[1+1 한정기획] 크리니크 드라마티컬리 디퍼런트 모이스춰라이징 젤/로션 125ml 1+1 기획
26,라로슈포제 시카플라스트 로션 B5 판테놀 시카에센스 토너 200ml
27,바이오힐보 비타민 히알루로닉 앰플토너 150mL & 에멀전 150mL 기획 (크림30mL 증정)
28,에스트라 에이시카365 수분진정결토너 250ml
29,이즈앤트리 히아루론산 토너 더블 기획 (400ml+400ml)
30,에스트라 아토베리어365 로션 150ml
31,라운드랩 1025 독도 토너+로션기획 (토너 200ml+로션 200ml)
32,[시카보다 4배*강한] 한율 어린쑥 수분진정 플루이드 125ml
33,[단독기획] 마녀공장 비피다 바이옴 앰플 토너 300ml + 비피다 앰플 로션 300ml
34,아누아 어성초 77토너 + 어성초 70 로션 듀오 기획세트
35,라운드랩 포 맨 자작나무 토너/로션 2종세트 (+클렌저 40ml)
36,우르오스 올인원 200ml 2종 택 1
37,비욘드 엔젤아쿠아 수분 진정 토너 500ml (비건)
38,바이오더마 하이드라비오 토너 250ml
39,한율 빨간쌀 진액 2종세트
40,[어성초] 넘버즈인 1번 진정 맑게담은 청초토너 300ml 기획 (+1번 패드 10매 증정)
41,라운드랩 1025 독도 로션 400ml 대용량
42,아벤느 트릭세라 로션 (본품200ml+100ml 추가 증정)
43,[찐진정 토너] 아누아 어성초 77% 토너 350ml
44,라운드랩 포 맨 자작나무 수분 토너 200ml
45,라운드랩 1025 독도 로션 (본품200ml+50ml 추가 증정)
46,[단독대용량] 브링그린 대나무 히알루 수분 토너 510ml
47,[증량] 아누아 어성초 77 토너 500ml
48,[NEW] 라운드랩 포 맨 1025 독도 올인원 플루이드 200ml
49,[정우성 Pick] 무슈제이 베이직 아쿠아 올인원 1+1 기획(200ml+200ml)
50,랩시리즈 데일리 레스큐 페이스 로션 50ml 기획세트 (20ml*2 증정)
51,피지오겔 레드수딩 AI 진정보습 로션 200ml
52,라운드어라운드 그린티 약산성 스킨케어 2종세트
53,싸이닉 더 심플 데일리 로션 260ml
54,[올영단독/노윤서PICK]닥터자르트 시카페어 인텐시브 수딩 리페어 트리트먼트 로션 기획(150ml+30ml*2ea)
55,마녀공장 비피다 바이옴 앰플 토너 기획 (본품400ml+100ml)
56,브링그린 사철쑥카밍밸런스토너510mL화장솜증정 한정기획
57,라운드랩 포 맨 자작나무 토너/크림 2종 세트(+클렌저 40ml 증정)
58,닥터지 더모이스처 배리어 D 로션세트(200ml+30ml)
59,포맨트 시그니처 올인원 에센스 모이스처 플러스 150ml
60,[5월 올영픽/디렉터파이 PICK] 파티온 노스카나인 트러블 클리어 토너 200ml
61,디오디너리 글리코릭 애시드 7% 토닝 솔루션 240ml
62,[1+1 기획]오리진스 스팟 리무버 안티블레미쉬 트리트먼트 젤 10ml
63,바이오힐보 판테놀시카 블레미쉬 토너 250mL
64,에스트라 테라크네365 하이드로 액티브 토너 200ml
65,[한정기획] 피지오겔 DMT 에센스 인 토너 200ml 기획(+50ml 추가 증정)
66,[단독기획] 하다라보 고쿠쥰 프리미엄 로션&밀크 기획 (+본품 로션 170ml)
67,성분에디터 그린토마토 포어 리프팅 앰플 토너 350ml+100ml 기획
68,포맨트 시그니처 올인원 에센스 96ml
69,[1+1 한정기획] 랩시리즈 올인원 트리트먼트 50ml 1+1 기획세트
70,비욘드 엔젤아쿠아 보습장벽 토너 500ml
71,[단독기획] 토니모리 원더 세라마이드 모찌 토너 (본품500ml+100ml)
72,[단독기획] 하다라보 고쿠쥰로션&밀크 (+크림 50ml 정품)
73,아이디얼 포맨 퍼펙트스킨케어 2종세트(퍼펙트 스킨+로션+탄력크림 30ml증정)
74,닥터지 로얄 블랙 스네일 스페셜 세트 (퍼스트에센스165ml+크림50ml+아이크림10ml+마스크팩1ea)(+쇼핑백증정)
75,라로슈포제 에빠끌라 H 토너 200ml (복합성/건성 피부)
76,닥터지 레드 블레미쉬 포 맨 토너/플루이드 2종세트
77,"우르오스 2종 세트 택1(지복합성, 중건성)"
78,[선착순 5종키트 증정] 라네즈옴므 크림 스킨 옴므 올인원 150ml 기획(+25ml+25ml 증정)
79,[대용량] 이즈앤트리 히아루론산 토너 400ml
80,바이오더마 하이드라비오 토너 500ml
81,[단독기획] 헤이네이처 어성초 스킨 토너 모이스처라이저(촉촉) 150ml 기획(+마스크팩 2매)
82,폴라초이스 스킨 퍼펙팅 바하 리퀴드 각질제거제 더블 기획 (118ml+118ml)
83,[디렉터파이PICK]메이크프렘 인테카 진정 토너 200ml 기획 (+100ml 리필팩+인테카 크림 31ml)
84,식물나라 제주탄산수 모공토너 패드 100매 (NEW)
85,[단독기획] 아누아 어성초 70 데일리 로션 200ml (+토너 40ml 증정)
86,폴라초이스 스킨퍼펙팅 바하 리퀴드 각질제거제 118ml 기획 (+아하 각질제거 로션 10ml)
87,인터미션 레스트 업 세럼 스킨 200ml
88,[크림증정] 라운드랩 독도 토너 500ml 대용량 기획 (+자작크림 50ml+소나무앰플10ml)
89,디오디너리 내추럴 모이스처라이징 팩터스 + HA 100ml
90,라끄베르 옴므리차지 2종 기획
91,[NEW]닥터자르트 세라마이딘 스킨 베리어 세럼 토너 150ml
92,에뛰드 순정 약산성 5.5 진정 토너 700ml 대용량 기획(350ml+리필350ml)
93,유세린 이븐래디언스 모이스처라이저 50ml
94,클럽맨피노드 머스크 에프터쉐이브코롱 177ml
95,[디렉터파이 Pick] 아비브 어성초 카밍 토너 스킨부스터 더블 기획 (200ml+200ml)
96,[대용량] 피캄 베리어 사이클 KMX 토너 500ml
97,바이오더마 센시비오 토너 250ml
98,[NEW] 마몽드 로즈워터 토너 250ml+50ml 기획(화장솜 증정)
99,라로슈포제 똘러리앙 울트라 로션 200ML
100,싸이닉 더 심플 스킨케어 2종 기획 (토너145mlx2+로션145ml)
101,넘버즈인 2번 온천수 89% 미네랄 토너 200ml
102,이지에프올로지 홈 클리닉 디데이샷
103,브링그린 사철쑥 카밍 밸런스 토너 510ml
104,[단독기획] 스킨푸드 캐롯 카로틴 수딩 토너 300ml+200ml
105,[올영 단독] 달바 화이트 트러플 퍼스트 아로마틱 토너 155ml
106,땡큐파머 강화교동쌀 맑음 에센셜토너 200ml
107,코스알엑스 퓨어핏 시카 토너 150ml
108,차앤박(CNP) 옴므 랩 올인원 플루이드 110ml 증량기획 (+80ml 증정)
109,라로슈포제 똘러리앙 울트라 로션 400ML
110,[NEW] 닥터지 레드 블레미쉬 포 맨 올인원 오일컷 로션 150ml
111,원씽 병풀 추출물 토너 150ml
112,차앤박(CNP) 옴므랩 베이직 솔루션 토너/로션 2종세트 (+미니어처 2종 증정)
113,[단독기획] 아이소이 잡티세럼20ml&잡티스팟25ml 듀오세트
114,피캄 베리어 사이클 KMX 토너 200ml
115,[한정기획] 피지오겔 DMT 포맨 플루이드 100ml+20ml 기획
116,리얼베리어 익스트림 로션 150ml 기획(150ml+50ml)
117,[2022어워즈] 플리프 시카-알로에 프레쉬 스킨/로션 200ml 2종세트
118,닥터지 레드 블레미쉬 포 맨 올인원 크림 150ml 기획세트(+30ml증정)
119,원씽 나이아신아마이드 10%
120,[비건토너] 스킨푸드 미나리 토너 300ml
121,[올영1등 남성브랜드]아이디얼 포맨 올인원 4종(퍼펙트/시카/프레시/선디펜스)
122,[바디워시 본품증정]아이디얼포맨 프레시올인원 기획 (+50ml 증정)
123,더바디샵 티트리 오일 20ml
124,바이오힐보 프로바이오덤 리페어 스킨소프너 150mL
125,[NEW] 닥터지 레드 블레미쉬 클리어 모이스처 토너세트 (본품 300ml+크림30ml)
126,한율 빨간쌀 진액에멀젼 125ml
127,플리프 시카-알로에 카밍 올인원 로션 200ml (트러블 피부용)
128,닥터지 더모이스처 배리어 D 리퀴드 토너세트(200ml+30ml)
129,[NEW] 이즈앤트리 히아루론산 토너 200ml
130,브로앤팁스 네버오일리 스킨미스트/올인원 2종세트
131,V&A 안티옥시던트 에센스 토너 120ml
132,차앤박(CNP) 인비져블 필링 부스터 에센스 기획(100ml+31ml*2ea증정)
133,[김지훈 Pick] 미프 비타맥스 올인원 로션 리필 세트 기획 (본품 200ml+리필 150ml*2ea)
134,닥터지 레드 블레미쉬 포 맨 올인원 플루이드 150ml + 젠틀 클렌징폼 150ml
135,[대용량]닥터방기원 시카마이드 블레미쉬 카밍 올인원 300ml
136,마몽드 플로랄하이드로 앰플 토너 150ml
137,더랩바이블랑두 저분자 히알루론산 토너 200ml
138,크리니크 안티-블레미쉬 솔루션 클래리파잉 로션 200ml
139,비오템옴므 아쿠아파워 올인원 세트 (클렌저40ml+올인원20ml)
140,헤지스맨 룰429 데일리 선올인원 SPF50+ PA++++ 130ml
141,차앤박(CNP) 옴므랩 안티에이징 솔루션 110ml 증량기획 (+80ml 증정)
142,[쇼핑백 증정] 아이오페 스템3 2종세트 (소프너150ml+에멀젼150ml)
143,아크네스 모이스처 플루이드 150ml
144,피지오겔 레드수딩 AI 진정보습 로션 100ml
145,싸이닉 더 심플 카밍 토너 더블 기획 (300ml+300ml)
146,이즈앤트리 어니언 뉴페어 에센스 토너 200ml
147,아크네스 포맨 퍼펙트 올인원 기획 (본품200ml+폼클렌저150g 증정)
148,식물나라 카렌둘라 진정 토너 500ml (AD)
149,유세린 더머토 클린 클래리파잉 토너 200ml
150,케어존 아큐어 클래리파잉 2종 기획(토너+에멀전+3종키트 증정)
151,[대용량기획] 토리든 다이브인 저분자 히알루론산 토너 500ml 기획 (+화장솜 60매 증정)
152,아벤느 젠틀 토닝 로션 (본품200ml+100ml 추가 증정)
153,더랩바이블랑두 저분자 히알루론산 토너 500ml
154,싸이닉 더 심플 릴리프 수분크림 더블 기획 (80ml+80ml)
155,닥터지 레드 블레미쉬 포 맨 올인원 플루이드 (본품150ml+30ml)
156,성분에디터 그린토마토 포어 리프팅 앰플 토너 350ml
157,아누아 어성초 70 데일리 로션 200ml
158,플리프 시카-알로에 밸런싱 올인원 로션 (본품200ml+50ml 추가 증정)
159,[선착순 5종키트 증정] 라네즈옴므 액티브워터 스킨 180ml
160,[종석 pick]다슈 맨즈 아쿠아 딥 워터풀 올인원 로션 153ml 기획(+로션30ml 증정)
161,[올리브영 단독] AHC 온리포맨 스킨케어 2종 기프트 세트
162,BRTC 트레이너 옴므 올인원 밀크 200ml 기획 (+50ml 증정)
163,더바디샵 티트리 오일 10ml
164,바이오힐보 비타민 히알루로닉 에멀전 150mL
165,미구하라 울트라 화이트닝 퍼펙션 스킨 오리진 400ml
166,[대용량] 나인위시스 비건 하이드라 앰플 토너 500ml
167,마몽드 플로랄하이드로 에멀젼 기획 150ml+25ml
168,라네즈 워터뱅크 블루히알루로닉 기초 2종(중건성)
169,[NEW] 라운드랩 소나무 진정 시카 로션 250ml
170,닥터지 레드 블레미쉬 포 맨 멀티 수딩 토너 200ml 보습기획세트 (+올인원크림 30ml)
171,[한정기획] 랩시리즈 데일리 레스큐 워터 로션 200ml 홀리데이 기획 (워터로션 30ml*2ea 증정)
172,랩시리즈 오일 컨트롤 클리어링 워터로션 200ml
173,[NEW] 비욘드 엔젤아쿠아 스킨케어 2종세트(비건)
174,디오디너리 100% 나이아신아마이드 파우더
175,비플레인 시카테롤 토너 200ml
176,[유튜버추천] 닥터디퍼런트 스케일링 토너 200ml (지성용)
177,플리프 시카-알로에 앰플 토너 200ml (여드름성피부추천)
178,[단독기획] 아누아 어성초 77 수딩 토너 350ml 기획(+토너40ml+패드2매+선크림10ml 증정)
179,유세린 더모퓨리파이어 오일컨트롤 수딩크림 50ml
180,더랩바이블랑두 그린 플라보노이드 진정 솔루션 기획(본품200ml+50ml 추가 증정)
181,[단독기획] 넘버즈인 3번 결광가득 에센스 토너 200ml (화장솜 증정)
182,아이소이 모이스춰닥터 장수진 수분토너 130ml
183,[NEW] 마몽드 로즈워터토너 500ml
184,엠도씨 릴리프 기획
185,일소 데일리 모이스처 소프트닝 로션 150ml
186,[New] 무슈제이 밀크 톤업 올인원 200ml
187,헤라 옴므 올인원 스킨 하이드로 트리트먼트 150ML
188,빌리프 맨올로지101 스마트 리차저 100ml기획(+리차저20ml+클렌징폼30ml)
189,폴라초이스 리지스트 데일리 5% 아하&바하 각질제거제 로션 50ml
190,한율 다홍매실 각질정화 토너 300ml
191,디오디너리 내추럴 모이스처라이징 팩터스 + HA 30ml
192,아벤느 젠틀 토닝 로션 200ml 듀오 기획
193,클럽맨피노드 오리지날 에프터쉐이브로션 177ml
194,엠도씨 안티 링클 스킨 플러스 로션 150ml
195,유리아쥬 제모스 토너 (본품500ml+250ml 추가 증정)
196,달팡 인트랄 데일리 미셀러 토너 200ml
197,메디큐브 슈퍼시카 토너 210ml
198,아이오페 맨 올데이 퍼펙트 올인원 120ml 기획(+30ml 증정)
199,유리아쥬 제모스토너 750ml (500ml+250ml)
200,[선착순 5종키트 증정] 라네즈옴므 액티브워터 모이스처라이저 125ml
201,플리프 시카-알로에 프레쉬 로션 200ml 기획세트 (+50ml 증정)
202,랩시리즈 올-인-원 훼이스 트리트먼트 50ml
203,아이디얼 포맨 퍼펙트 스킨 150ml
204,유세린 더모 퓨리파이어 토너 200ml
205,AHC 허브솔루션 레몬 토너 500ml
206,아이오페 스템3 에멀젼 150ml
207,[단독기획] 하다라보 고쿠쥰 로션 대용량 500ml + 170ml 증정 기획
208,빌리프 스트레스 슈터 시카 수딩 토너 200ml
209,[급속진정토너] 크리니크 모이스춰 써지 하이드로 인퓨즈드 로션 200ml
210,플리프 시카-알로에 앰플토너 200ml+카밍 올인원 200ml
211,[한정기획]아벤느 트릭세라 뉴트리-플루이드 로션 1+1 기획 (200ml +100ml+100ml)
212,[단독 기획] 프리메라 워터리젤크림 50ml 기획(본품+필링 30ml+씨드에센스30ml+워터리미스트50ml)
213,더마픽스 리얼 콜라겐 텐션업 멀티스틱밤
214,헉슬리 토너 익스트랙트 잇 120ml
215,바이오더마 세비엄 로션 200ml
216,아벤느 클리낭스 매트 매티파잉 토너 200ml
217,우르오스 지복합성 종합 피부건강 세트 (스킨로션200ml+스킨워시300ml+샴푸100ml)
218,식물나라 위치하젤 모공 토너 500ml
219,라끌랑 남자를 위한 올인원 로션 150ml
220,크리니크 클래리파잉 로션 투와이스 어 데이 엑스폴리에이터 2/3 200ml
221,브로앤팁스 네버오일리 올인원 120ML 기획(+바디워시100ML)
222,[올영단독]닥터자르트 세라마이딘 스킨 베리어 세럼 토너 기획(150mL+크림7mL*2)
223,라운드어라운드 그린티 약산성 에센스 워터 400mL
224,플리프 시카-알로에 프레쉬 스킨 200ml 기획세트 (+50ml 증정)
225,센텔리안24 마데카 데일리 리페어 에센스로션 100ml
226,[코어탄력크림] 아이소이 불가리안 로즈 인텐시브 에너자이징 크림EX 30ml
227,리우젤 하이드 레이팅 페이스 모이스처 라이저 3.38oz (100ml)
228,눅스 베스트셀러 기프트세트(드라이오일 30ml + 레브드미엘 스틱레브르4g)
229,식물나라 제주 탄산수 모공토너 패드 70매 (NEW)
230,디오디너리 랙틱 애시드 5% + HA 30ml
231,[5월 올영픽] 더바디샵 티트리 스킨케어 기획(클렌저 150ml+오일 20ml)
232,[단독기획] 로벡틴 히알루로닉 에센스 (180ml+100ml)
233,클럽맨피노드 오리지날 에프터쉐이브로션 370ml
234,더랩바이블랑두 올리고 히알루론산 5000토너 200ml+200ml 리필기획
235,눅스 아쿠아벨라 로션 50ml
236,[응급진정토닉] 아이소이 아크니닥터 1st 컨트롤 토닉 90ml
237,아크네스 포맨 퍼펙트 올인원 크림 200ML
238,메이크프렘 세이프 미 릴리프 에센스 토너 400ml
239,차앤박(CNP) 에이클린 액티브 프레쉬너 토너 150ml
240,아크네스 세범 밸런싱 스킨 200ml
241,브링그린 사철쑥 카밍밸런스 토너 270ml
242,헤이네이처 어성초 스킨 토너 모이스처라이저 150ml (촉촉)
243,마녀공장 비피다 바이옴 앰플 로션 300ml
244,아크웰 리얼 아쿠아 밸런싱 토너 160ml
245,더마펌 수딩 리페어 토너 R4 200ml+200ml 기획
246,디오디너리 데일리 세트
247,[NEW] 라로슈포제 시카플라스트 B5 스프레이 100ml
248,피지오겔 DMT 에센스 인 토너 200ml
249,눅스 아쿠아벨라 에센스 토너 200ml
250,아이소이 팩트맨 잡티올인원세럼 100ml+토너 20ml
251,한율 달빛유자 비타C 토너 150ml
252,차앤박(CNP) 아쿠아 수딩 클리어링 토너(본품250ml+화장솜190매 증정)
253,[NEW] 라운드랩 소나무 진정 시카 토너 250ml
254,닥터지 레드블레미쉬 클리어 수딩 토너 300ml+화장솜 기획
255,BRTC 파워 옴므 올인원 솔루션 200ml 기획(+50ml 증정)
256,리얼베리어 모공비움 필링 토너 305ml
257,넘버즈인 3번 결광가득 에센스 토너 200ml
258,코스알엑스 풀핏 프로폴리스 시너지 토너 280ml
259,차앤박(CNP) 옴므 랩 올인원 아쿠아 젤 솔루션
260,아크네스 포맨 퍼펙트 스킨 200ml
261,비긴스 콤부톡스 스킨 토너 200ml
262,무슈제이 베이직 아쿠아 올인원 200ml
263,아크웰 리얼 아쿠아 밸런싱 로션 140ml
264,클럽맨리저브 브랜디스파이스 에프터쉐이브 177ml
265,케어존 피큐어 포어 튜닝 에멀전 EX 170ml
266,유리아쥬 이제악 토너 250ml 기획 (+듀얼패드화장솜30매 증정)
267,[진정+탄력+자외선]닥터디퍼런트 베스트 트라이얼 키트
268,포엘리에 옴므 올인원 5IN1 퍼펙트로션 150ml
269,그라펜 제주해수 올인원 로션 200ml 1+1 기획세트 (2205리뉴얼)
270,[장희령 Pick] 파넬 시카마누 토너 200ml
271,더바디샵 티트리 스킨 클리어링 매티파잉 토너 250ml
272,닥터지 레드 블레미쉬 포 맨 올인원 플루이드 150ml
273,[NEW] 에센허브 티트리 90 카밍 토너 320ml
274,센텔리안24 마데카 옴므 수딩 토너 150ml
275,케어존 아큐어 클래리파잉 에멀전 200ml
276,헤지스맨 룰429 시카 비타맨 토닝 패드180ml 60매
277,마몽드 레티놀 앰플 토너 250ml
278,[증량] 마녀공장 비피다 바이옴 앰플 토너 400ml
279,하다라보 고쿠쥰 로션170ml
280,식물나라 제주 탄산수 모공 패드 70매 더블기획 (NEW)
281,미샤 비타씨플러스 안색토너 200ml
282,이니스프리 그린티 히알루론산 로션 170ml
283,[대용량]닥터방기원 시카마이드 딥 모이스처 밸런싱 올인원 300ml
284,원씽 인진쑥 추출물 토너 150ml
285,원씽 어성초 추출물 150ml
286,플리프 시카-알로에 프레쉬 스킨 200ml
287,[단독기획] 마녀공장 블랙헤드 킬토너 210ml 기획 (+퓨어클렌징오일 25ml)
288,하루하루원더 블랙라이스 히알루로닉 토너150ml (쌀알패드50매 증정)
289,하다라보 고쿠쥰 프리미엄 밀크140ml
290,하다라보 고쿠쥰 프리미엄 로션 170ml
291,오우썸 수딩앤딥모이스처라이징 카렌듈라 토너 200ml
292,[NEW] 마몽드 로즈워터 토너 250ml
293,라끄베르 옴므리차지 애프터쉐이브 185ml
294,라끄베르 옴므리차지 에멀전180ml
295,AHC 허브솔루션 로즈 토너 500ml
296,AHC 허브솔루션 알로에베라 토너 500ml
297,브링그린 대나무 히알루 수분 토너 250ml
298,라포티셀 A.C. 데일리 카밍 필링 부스터 200ml
299,디오디너리 랙틱 애시드 10% + HA 30ml
300,프랭클리 시카 80% 히알루론산 토너 260mL
301,디오디너리 비타민C 서스펜션 23% + HA 스피어스 2% 30ml
302,[첫구매 전용]닥터지 레드 블레미쉬 포 맨 올인원 오일컷 로션 30ml
303,미프 브리프케이스 001 올인원 3종 세트 (본품 200ml*2ea + 리필 150ml)
304,[김지훈 Pick] 미프 비타맥스 올인원 로션 200ml (리필 150ml 증정)
305,데이퍼센트 밀키 모이스쳐 젤리 스킨 210ml
306,[증량] 코스알엑스 풀핏 프로폴리스 시너지 토너 280ml 더블기획
307,랩시리즈 올-인-원 훼이스 트리트먼트 100ml
308,크리니크 드라마티컬리 디퍼런트 모이스춰라이징 로션 30ml
309,질레트 랩스 모이스처라이저100ml
310,클럽맨리저브 젠트진 에프터쉐이브 177ml
311,클럽맨피노드 클래식바닐라 에프터쉐이브로션 50ml
312,클럽맨피노드 머스크 에프터쉐이브코롱 50ml
313,클럽맨피노드 오리지날 에프터쉐이브로션 50ml
314,클럽맨리저브 위스키우즈 에프터쉐이브 177ml
315,클럽맨리저브 젠트진 에프터쉐이브 50ml
316,클럽맨리저브 위스키우즈 에프터쉐이브 50ml
317,클럽맨리저브 브랜디스파이스 에프터쉐이브 50ml
318,미프 스킨로션 세트(스킨180ml+ 로션180ml)
319,미프 스킨 180ml
320,미프 로션 180ml
321,글로오아시스 프로바이오틱스 플러스 애프리콧 오일 밀크듀 밸런싱 토너 120ml
322,블랙몬스터 화이트 크림로션 200ml
323,아이디얼 포맨 시카 플러스 진정토너 200mL
324,다슈 맨즈 아쿠아 리얼 모이스트 올인원크림 153ml
325,[2022어워즈]아누아 어성초 77 토너 어워즈 한정 기획 (500ml+250ml)
326,가히 스킨케어 5종 세트
327,마몽드 플로랄하이드로 에멀젼 150ml
328,[대용량+미니어처] 넘버즈인 3번 결광가득 에센스 토너 300ml 어워즈 한정기획 (+3번 결광케어 키트 5종 증정)
329,[에스쿱스PICK]썸바이미 아하 바하 파하 30 데이즈 미라클 토너기획(150ml+30ml)
330,엠브리올리스 오 드 보떼 로자멜리스 200ml
331,[종석 pick]다슈 맨즈 아쿠아 토너/로션 153ml 2종 세트(+토너&로션&클렌징 30ml증정)
332,[종석 pick]다슈 맨즈 아쿠아 딥 포텐 토너 153ml 기획(+로션30ml 증정)
333,엠브리올리스 필라덤 에멀젼 75ml
334,[종석 pick]다슈 맨즈 아쿠아 리얼 모이스트 올인원 크림 153ml 기획(+로션 30ml 증정)
335,보닌 트리플 액션 원샷 플루이드 180ml
336,이아소 포맨 화이트 이엑스 애프터쉐이브 130ml
337,닥터지 센시어스 스페셜 2종 기획 (버블토너150g + 마일드크림155g )
338,엠브리올리스 레 크렘 플루이드 500ml
339,비욘드 엔젤아쿠아 브라이트닝밀키 토너 500ml
340,클럽맨피노드 클래식바닐라 에프터쉐이브로션 177ml
341,싸이닉 더 심플 카밍 토너 145ml
342,싸이닉 더 심플 데일리 로션 145ml
343,케어존 닥터솔루션 옴므 올인원 플루이드 기획
344,비욘드 옴므 올인원리커버리 기획
345,아이디얼 포맨 퍼펙트올인원 탄력크림 70mL
346,아이디얼 포맨 퍼펙트올인원 탄력크림 기획세트 (퍼펙트 스킨 31ml 증정)
347,[몬스타엑스 민혁 PICK]플로운 홀리바질 스킨 컨트롤러 토너 200ml
348,싸이닉 더 심플 카밍 토너 145ml
349,비욘드 옴므 올인원 포뮬러 (페이셜폼 증정)
350,[NEW] 쿤달 클래식맨즈 아쿠아 모이스트 올인원 로션 150ml
351,크리니크 포 맨 안티 에이지 모이스춰라이저 100ml
352,THREE 쓰리 밸런싱 로션 R 140ml
353,메디큐브 레드 토너 2.0 100ml
354,눅스 맨 올인원 모이스춰라이징 젤 50ml
355,[박보검 PICK] 비오템 옴므 티쀼르 모이스춰라이저 50ml
356,[박보검 PICK] 비오템 옴므 티쀼르 토너 200ml
357,닥터지 에이클리어 밸런싱 토너 200ml 기획 (+화장솜)
358,프리메라 맨오가니언스 스페셜 2종 세트 (워터+에멀전) (22)
359,[단독기획] 아누아 어성초 77 수딩 토너 350ml 기획(+화장솜 증정)
360,아크네스 포맨 퍼펙트 올인원 200ml
361,비오템 비오수르스 중복합성 토너 400ml
362,비오템옴므 아쿠아파워 어드밴스드 젤 로션 75ml
363,[박보검 PICK] 비오템옴므 포스 수프림 모이스춰라이저 50ml
364,[박보검 PICK] 비오템옴므 티쀼르 모이스춰라이저 50ml
365,엠도씨 릴리프 3종기획
366,[박보검 PICK] 비오템 옴므 아쿠아파워 토너 200ml
367,비오템 옴므 아쿠아파워 모이스춰라이저 75ml
368,[박보검 PICK] 비오템 옴므 아쿠아파워 올인원 프레시 로션-인-젤 200ml
369,셀퓨전씨 포스트 알파 카밍 에멀전 150ml
370,유세린 하이알루론 아이크림X나이트크림 기획(아이크림 15ml+나이트크림 50ml+컨센트레이트 5ml+화장솜)
371,라운드어라운드 그린티 약산성 고보습 로션 220ml
372,비욘드 엔젤아쿠아 포맨 멀티 토너 500ml
373,비욘드 엔젤아쿠아 수분 진정 토너 500ml기획 (화장솜 65매 증정 / 오아이오아이 기획)
374,[박보검 PICK] 비오템 옴므 아쿠아파워 올인원 프레시 로션-인-젤 200ml
375,바르테라 올인원 젤 모이스춰라이저
376,[NEW/지코Pick] 피지오겔 DMT 포맨 에센셜 토너 200ml
377,피지오겔 DMT 포맨 플루이드 100ml
378,리얼베리어 인텐스 모이스처 토너 300ml
379,차앤박(CNP) 아쿠아 수딩 토너 200ml+100ml 기획
380,네오젠 프로바이오틱스 유스 리페어 미스트 토너 (피부장벽보습)
381,코스알엑스 하이드리움 워터리 토너 280ml
382,유리아쥬 제모스 토너 500ml 기획 (+토너패드20매 증정)
383,이지에프올로지 트래블 키트
384,[한정기획] 피지오겔 DMT 포맨 에센셜 토너 200ml+15ml 기획
385,랩시리즈 데일리 레스큐 워터 로션 200ml 기획세트 (+페이스로션20ml+워터로션30ml)
386,랩시리즈 데일리 레스큐 페이스 로션 50ml 기획세트 (+워터로션30ml+페이스로션20ml)
387,랩시리즈 그루밍 레이저 번 밤 100ml
388,닥터자르트 컨트롤에이 티트리먼트 토너 200ml (티트리 약산성 토너)
389,[첫구매딜]플리프 시카-알로에 밸런싱 올인원 [모든 피부용] 200ml
390,[한정기획] 피지오겔 DMT 기프트세트(크림150ml+로션200ml+크림30ml+로션50ml)
391,보닌 더 캐릭터 블랙 시그니처 2종 기획
392,[증량] 닥터자르트 컨트롤에이 티트리먼트 모이스처라이저 100ml (티트리 약산성 보습크림)
393,닥터자르트 컨트롤에이 티트리먼트 토너 120ml (티트리 약산성 토너)
394,눅스 맨 애프터쉐이브 수딩 밤 50ml
395,차앤박(CNP) 옴므 랩 올인원 플루이드 110ml (클렌져 50ml 증정)
396,THREE 쓰리 밸런싱 에멀전 R 100ml
397,브로앤팁스 네버워리 올인원 120ML
398,리우젤 에프터 쉐이브 100ml
399,이지에프올로지 인헨싱 리파이닝 토너 100ml
400,차앤박(CNP) 옴므 랩 올인원 플루이드 기획
401,[증량] 네오젠 프로바이오틱스 유스 리페어 에멀젼
402,[트레저PICK] 온그리디언츠 리바이탈라이징 생기 토너
403,이지에프올로지 인헨싱 밸런싱 로션 50ml
404,케어존 더마밀크 히알루로닉 크림스킨 200ml 기획
405,한율 힘찬콩 2종세트 한율시장(세럼+크림)
406,차앤박(CNP) 옴므랩 안티에이징 솔루션 기획
407,허블룸 콤부차 플랜트 바이옴 토너 150ml
408,비플레인 캐모마일 약산성 토너 190ml
409,닥터하스킨 미라클아토 하이드로 토너 150ml
410,보닌 퓨어 워터로션 1+1 기획 사양
411,유리아쥬 제모스 토너 500ml
412,[진정뿌토] 시카고 시카 엑스퍼트 미스트 토너 150ml
413,[선물기획]수려한 비책 진생 스마트 3종 기획세트 (수액80ml+유액80ml+크림30ml+진액10ml+아이크림 6ml)
414,우르오스 올인원 스킨컨디셔너 60g
415,프리메라 오가니언스 베리어 리페어 2종 기획 세트
416,이니스프리 그린티 히알루론산 스킨 170ml
417,닥터자르트 포맨 스킨에센스 기획
418,정샘물 키즈 에센셜 페이셜&바디 로션 280ml
419,[NEW] 라운드랩 포 맨 1025 독도 올인원 플루이드 200ml 더블 기획
420,프리메라 오가니언스 베리어 리페어 카밍 에센스 토너 160ml
421,프리메라 오가니언스 베리어 리페어 하이드레이션 크림 에멀젼 160ml
422,엠도씨 화이트닝 톤업 기획
423,케어존 피큐어 포어 튜닝 EX 2종
424,바이오더마 센시비오 토너 100ml
425,케어존 피큐어 포어 튜닝 토너 EX 170ml
426,에스트라 아토베리어365 장벽보습 2종 기프트세트
427,보닌 더스타일 스탠다드 2종 기획
428,크리니크 클래리파잉 로션 투와이스 어 데이 엑스폴리에이터 2 200ml
429,[한정수량] 구달 청귤 비타C 잡티케어 기획팩(세럼30ml+톤업크림50ml+마스크팩1매+세럼10ml+5ml+톤업크림5ml)
430,[대용량토너] 에스테덤 하이드라 로션 맥스 400ml
431,크리니크 안티-블레미쉬 솔루션 올-오버 클리어링 트리트먼트 오일-프리 50ml
432,유리아쥬 제모스 토너 250ml
433,에스티 로더 소프트 클린 인퓨전 하이드레이팅 에센스 로션
434,보닌 퓨어 올인원 하이드레이트 기획세트
435,라네즈 크림스킨 170ml 리필
436,코스알엑스 오일-프리 울트라 모이스쳐라이징 로션 100ml
437,케어존 아큐어 클래리파잉 토너 240ml
438,케어존 옴므 닥터솔루션 센서티브 토너 170ml
439,꼬달리 비노쀠르 블레미쉬 컨트롤 살리실릭 세럼 30ml 한정세트
440,피지오겔 DMT 데일리보습 로션 200ml
441,엠도씨 세붐 스트라이크 세럼 100ml
442,비오템옴므 아쿠아파워 프레시 로션 인 젤 200ml 기획(클렌저40ml+올인원20ml)
443,록키스 아쿠아 부스트 옴므 올인원 200ml
444,[증정기획] 피캄 베리어 사이클 토너 200ml 기획(+화장솜 증정)
445,아이오페 맨 프로 레티놀 올인원 120ml 기획(+클렌저 50g 증정)
446,우르오스 지복합성 2종 기획
447,[닥터이아소] 스킨케어 포 맨 인스턴트 수딩 포뮬러
448,라끄베르 옴므 리차지 시카 애프터쉐이브/에멀전 2종 세트 (+미니어처 2종 증정)
449,라끄베르 옴므 리차지 시카 애프터쉐이브 185ml
450,라끄베르 옴므 리차지 시카 에멀전 180ml
451,숨37 마이크로액티브 디스커버리 4종 세트
452,[선물기획] 이자녹스 녹스랩 2종 기획세트
453,아이소이 내피부 속에 마르지 않는 옹달샘 촉촉스킨 130ml
454,"아이소이 난 열 에센스 안부러워, 탁월로션 70ml"
455,엠도씨 세붐 스트라이크 기획
456,엠도씨 릴리프 에센스 에멀젼 100ml
457,[쇼핑백 증정] 아이오페 맨 2종세트(에센스145ml+에멀젼 120ml+미니어처 3종)
458,닥터지 레드 블레미쉬 포 맨 올인원 오일컷 로션 30ml
459,엠도씨 화이트닝 스킨 플러스 로션 150ml
460,꼬달리 비노쀠르 퓨리파잉 토너 200ml
461,엠도씨 세붐 스트라이크 토너 150ml
462,[5월 올영픽] 더바디샵 티트리 오일 듀오 기획(티트리오일 10ml*2+티트리젤 2.5ml*2)
463,[NEW] 폴메디슨 옴므 워터화이트닝 올인원 에센스 211ml
464,아이오페 스템3 소프너 150ml
465,엠도씨 릴리프 토닉 위드 애프터셰이브 150ml
466,아이오페 맨 안티에이징 에멀젼EX 120ml
467,[NEW] 닥터지 레드 블레미쉬 클리어 수딩 토너 300ml+300ml 듀오기획
